<?xml version="1.0" encoding="UTF-8"?>
<project-private xmlns="http://www.netbeans.org/ns/project-private/1">
    <editor-bookmarks xmlns="http://www.netbeans.org/ns/editor-bookmarks/2" lastBookmarkId="0"/>
    <open-files xmlns="http://www.netbeans.org/ns/projectui-open-files/2">
        <group>
            <file>file:/C:/Users/User/Desktop/Underscore/web/loginMessage.jsp</file>
            <file>file:/C:/Users/User/Desktop/Underscore/web/index.jsp</file>
            <file>file:/C:/Users/User/Desktop/Underscore/src/java/com/underscore/Register.java</file>
            <file>file:/C:/Users/User/Desktop/Underscore/web/dashboard.jsp</file>
            <file>file:/C:/Users/User/Desktop/Underscore/web/dashboard2.jsp</file>
        </group>
    </open-files>
</project-private>
